{
  "web": {
    "client_id": "1076613858997-rni9096hdgt777l6rt59pgrajq5f45km.apps.googleusercontent.com",
    "client_secret": "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",
    "project_id": "decompressor-372715",
    "auth_uri": "https://accounts.google.com/o/oauth2/auth",
    "token_uri": "https://oauth2.googleapis.com/token",
    "api_base_url": "https://www.googleapis.com/oauth2/v1/",
    "auth_provider_x509_cert_url": "https://www.googleapis.com/oauth2/v1/certs",

    "redirect_uris": ["http://127.0.0.1:5000/api/v1/callback"]
  }
}
